run, type, Ident, FE, AvgE, S, U, W, HO_PE, PB, SA, Valence, Coulomb, VdW, VdW6, VdW12, Bond, Angle, Pdihed, Idihed, Tether, RunTime, WallTime, Converged, Crashed
feprocess,host,cb7,-50.7007299883,-221.481648458,170.78091847,-212.707188892,-119.660210023,110.886119831,-126.064245705,6.4040356822,188.046981169,-354.713993689,-46.0401763724,-146.618685085,100.578508712,0.2587434109,121.530951516,61.0619215116,5.0867825394,0.1085821912,2.37,2.39,yes,no
