run, type, Ident, FE, AvgE, S, U, W, HO_PE, PB, SA, Valence, Coulomb, VdW, VdW6, VdW12, Bond, Angle, Pdihed, Idihed, Tether, RunTime, WallTime, Converged, Crashed
feprocess,ligand,guest1R,129.819947342,64.4366759756,65.383271366,67.0823299833,-45.5681456545,42.9236592895,-49.1772155026,3.6090698481,7.4054913822,58.0217269917,1.6551116094,-28.5245016892,30.1796132986,0.8027117902,1.2357380448,5.3544222415,0.0126193056,0.0,78.17,78.32,yes,no
feprocess,ligand,guest1S,129.853195562,64.5001215952,65.3530739664,67.1088027237,-45.5323859855,42.9236592895,-49.1429806183,3.6105946328,7.4930993991,58.0267456142,1.5889577104,-28.5652919727,30.1542496831,0.7991385833,1.2470784711,5.434662321,0.0122200237,0.0,57.65,57.74,yes,no
feprocess,ligand,guest2,81.8245117204,41.2079210638,40.6165906565,54.4638391724,-45.4484806145,32.1927444671,-48.6207782292,3.1722976147,4.7785088635,46.0215537526,3.6637765563,-17.855503527,21.5192800833,0.6581658202,2.2843723694,1.8348226722,0.0011480018,0.0,102.72,102.88,yes,no
feprocess,ligand,guest3,113.727791953,46.9058832023,66.8219087504,39.285004607,-39.7739665251,47.3948737988,-44.0547317527,4.2807652276,11.3937830455,21.1239152305,6.767306331,-30.4867671284,37.2540734594,1.0692344963,3.1074472194,7.1758170713,0.0412842585,0.0,253.78,254.14,yes,no
feprocess,ligand,guest4,33.9811194574,15.7770645484,18.204054909,2.4534153448,-5.4554388692,18.7791009392,-7.8786281677,2.4231892985,3.9944401758,-6.3541904272,4.8131655962,-9.0215233754,13.8346889716,0.449831079,1.3974655587,2.1462450317,0.0008985064,0.0,9.87,10.03,yes,no
feprocess,ligand,guest5,79.125470089,33.2268327021,45.8986373869,47.1956437016,-47.9494688161,33.9812302709,-51.1072489521,3.157780136,5.8350124111,39.7046135584,1.6560177321,-20.953661761,22.609679493,0.6178370508,1.1990007932,4.0071348747,0.0110396925,0.0,60.4,60.59,yes,no
feprocess,ligand,guest6,191.076015472,88.6565332754,102.419482196,156.580723332,-135.884779495,67.9624605417,-140.857230034,4.9724505394,12.9409595769,143.815468847,-0.1757050926,-51.2607427744,51.0850376818,1.3522438297,2.5065005029,9.0477438829,0.0344713614,0.0,376.05,376.83,yes,no
feprocess,ligand,guest7,124.940175763,75.4805799358,49.4595958271,78.1398241065,-40.2173495392,37.5582018783,-43.8395719351,3.6222223958,4.41755383,69.2303148755,4.4919554011,-18.3750209895,22.8669763905,0.6904773679,1.9076402616,1.8188003605,0.00063584,0.0,130.56,130.93,yes,no
