run, type, Ident, FE, AvgE, S, U, W, HO_PE, PB, SA, Valence, Coulomb, VdW, VdW6, VdW12, Bond, Angle, Pdihed, Idihed, Tether, RunTime, WallTime, Converged, Crashed
feprocess,host,host1,-0.6760114221,-163.88379191,163.207780488,258.928774291,-540.854377955,118.040063046,-547.981697628,7.1273196736,153.937580613,126.307140464,-21.3159467855,-156.891473107,135.575526321,3.6067270388,83.3467782026,64.2550902685,2.1955274559,0.5334576473,3.97,4.01,yes,no
