run, type, Ident, FE, AvgE, S, U, W, HO_PE, PB, SA, Valence, Coulomb, VdW, VdW6, VdW12, Bond, Angle, Pdihed, Idihed, Tether, RunTime, WallTime, Converged, Crashed
feprocess,host,b-cyclodex,610.90508958,426.387998742,184.517090838,339.153128113,-42.4302841334,129.66522077,-49.778971063,7.3486869295,166.182768295,182.151582491,-9.181222673,-154.798217189,145.616994516,4.834870603,8.7858677709,152.562029921,0.0,0.0,4.03,4.06,yes,no
