run, type, Ident, FE, AvgE, S, U, W, HO_PE, PB, SA, Valence, Coulomb, VdW, VdW6, VdW12, Bond, Angle, Pdihed, Idihed, Tether, RunTime, WallTime, Converged, Crashed
feprocess,ligand,OA-G1,-37.0786503703,-45.1687006881,8.0900503179,4.3470576079,-61.1396464761,11.6251577242,-63.1357915054,1.9961450293,5.9113645521,-1.6425849091,0.0782779649,-4.8850248695,4.9633028344,0.0881295873,2.2632052699,3.5588698171,0.0011598777,0.0,7.09,7.25,yes,no
feprocess,ligand,OA-G2,-0.915581226,-6.7711174403,5.8555362143,38.0415421415,-56.4378423471,11.6251577242,-58.5125654966,2.0747231495,2.6391313716,31.3240667993,4.0783439706,-6.6736066747,10.7519506453,0.4431084536,2.1960144691,9.214e-07,7.5275e-06,0.0,2.33,2.36,yes,no
feprocess,ligand,OA-G3,90.8304323227,50.3167493805,40.5136829422,63.7272917449,-40.2377000284,26.8272870559,-42.7375847726,2.4998847442,2.7764449887,60.7678875927,0.1829591635,-10.2383808212,10.4213399847,0.2612729166,0.9988814189,1.5162906532,0.0,0.0,26.82,27.06,yes,no
feprocess,ligand,OA-G4,49.009038324,17.8250497023,31.1839886217,53.6788225975,-59.1014436761,23.2503154485,-61.5385199124,2.4370762363,19.2381225707,27.2730196074,7.1676804194,-23.3303689651,30.4980493845,1.495169592,4.6651867051,13.0777208596,4.5414e-05,0.0,13.27,13.47,yes,no
feprocess,ligand,OA-G5,75.1082048,38.7841418958,36.3240629042,56.1770977705,-42.4302390643,25.0388012522,-44.8910926054,2.4608535411,1.2338447268,52.6167834476,2.3264695961,-10.6866198013,13.0130893974,0.3181016845,0.8300169109,0.0855489343,0.0001771971,0.0,11.79,11.96,yes,no
feprocess,ligand,OA-G6,6.6896128278,3.8493686911,2.8402441367,48.6202564508,-57.2906631702,12.5194006261,-59.4075710792,2.116907909,3.3708453942,39.7738359168,5.4755751398,-8.5264685955,14.0020437353,0.7506176596,2.6202184431,1.3768e-06,7.9148e-06,0.0,1.94,1.98,yes,no
