run, type, Ident, FE, AvgE, S, U, W, HO_PE, PB, SA, Valence, Coulomb, VdW, VdW6, VdW12, Bond, Angle, Pdihed, Idihed, Tether, RunTime, WallTime, Converged, Crashed
feprocess,host,OAH,14.8974323098,-206.628969294,221.526401604,878.308131611,-1247.69095585,162.752208139,-1258.10455489,10.4135990384,129.035725946,725.791683714,23.4807219511,-197.358194089,220.83891604,5.944560927,31.6978680711,90.9522421532,0.4410547949,0.0,9.12,9.17,yes,no
feprocess,host,OAMe,95.0897212836,-145.698341811,240.788063095,925.330625941,-1244.51205889,173.483122962,-1254.98316212,10.4711032346,130.834261799,772.828699836,21.6676643057,-216.304680156,237.972344462,6.632392687,33.2798200896,90.5215684086,0.400480614,0.0,10.22,10.25,yes,no
