run, type, Ident, FE, AvgE, S, U, W, HO_PE, PB, SA, Valence, Coulomb, VdW, VdW6, VdW12, Bond, Angle, Pdihed, Idihed, Tether, RunTime, WallTime, Converged, Crashed
feprocess,host,OA,14.8974323098,-206.628969294,221.526401604,878.308131611,-1247.69095585,162.752208139,-1258.10455489,10.4135990384,129.035725946,725.791683714,23.4807219511,-197.358194089,220.83891604,5.944560927,31.6978680711,90.9522421532,0.4410547949,0.0,9.09,9.13,yes,no
