run, type, Ident, FE, AvgE, S, U, W, HO_PE, PB, SA, Valence, Coulomb, VdW, VdW6, VdW12, Bond, Angle, Pdihed, Idihed, Tether, RunTime, WallTime, Converged, Crashed
feprocess,host,a-cyclodex,525.820673677,367.54451741,158.276156267,292.682587658,-36.0241231575,110.886119831,-42.3565286274,6.3324054699,144.691258098,153.345858247,-5.3545286871,-136.085264774,130.730736087,4.5622995132,10.42937698,129.699581604,0.0,0.0,3.17,3.2,yes,no
