run, type, Ident, FE, AvgE, S, U, W, HO_PE, PB, SA, Valence, Coulomb, VdW, VdW6, VdW12, Bond, Angle, Pdihed, Idihed, Tether, RunTime, WallTime, Converged, Crashed
feprocess,host,CB8,-50.9371674478,-246.783396321,195.846228873,-238.485694533,-135.280018683,126.982492065,-142.664910174,7.3848914916,220.45771445,-409.96003034,-48.983378643,-164.830067638,115.846688994,0.2997899474,135.516044631,76.1312367081,8.089116575,0.4215265877,3.33,3.35,yes,no
