run, type, Ident, FE, AvgE, S, U, W, HO_PE, PB, SA, Valence, Coulomb, VdW, VdW6, VdW12, Bond, Angle, Pdihed, Idihed, Tether, RunTime, WallTime, Converged, Crashed
feprocess,ligand,guest8,85.5480745509,43.9112867483,41.6367878026,151.970777446,-140.249914103,32.1927444671,-143.47105566,3.221141557,24.8605937615,126.972951163,0.1372325219,-16.964374129,17.1016066509,1.2434092805,23.5941000812,0.0228776112,0.0002067886,0.0,25.83,25.94,yes,no
feprocess,ligand,guest9,134.579000615,73.7917371548,60.7872634603,156.956209614,-126.086193949,42.9236592895,-129.86309498,3.7769010309,25.108416564,132.173386802,-0.3255937523,-27.6515339652,27.3259402129,1.9135597865,23.1177719694,0.075500461,0.0015843471,0.0,45.82,46.0,yes,no
