Ident, Complex G, host G, Ligand G, Exp deltaG, Calc deltaG_offset, Error_offset, Abs Error_offset, Calc deltaG, Error, Abs Error, Calc deltaE, Calc -TdeltaS, Calc deltaU+W, Calc deltaU, Calc deltaW, Calc deltaHO_PE, Calc deltaPB, Calc deltaSA, Calc deltaValence, Calc deltaCoul, Calc deltaVdW, Calc deltaVdW6, Calc deltaVdW12, Calc deltaBond, Calc deltaAngle, Calc deltaPdihed, Calc deltaIdihed, Calc deltaTether, Converged, Crashed
host2--guest8,26.9709121052,-50.2369156515,85.5480745509,-6.12,-3.02115173855,3.09884826145,3.09884826145,-8.3402467942,-2.2202467942,2.2202467942,-25.3962334953,17.0559867014,-27.190298567,-131.647491127,104.45719256,1.7884858039,107.596234921,-3.1390423605,6.2752029265,-104.218459483,-33.7042345709,-66.912077791,33.2078432201,0.1591833238,0.8004184198,2.1242629375,-0.2996777407,3.4910159862,yes,no
host2--guest9,71.5728082025,-50.2369156515,134.579000615,-7.43,-7.45018170535,-0.02018170535,0.02018170535,-12.769276761,-5.339276761,5.339276761,-30.2492884538,17.4800116937,-32.038784989,-136.894342823,104.855557834,1.7884858045,108.396082251,-3.5405244169,6.985451661,-103.093001927,-40.7867925571,-78.1264113398,37.3396187821,0.0882959199,0.5758710366,3.0981838731,-0.1266238551,3.3497246869,yes,no
host3--guest8,18.8046106907,-50.9371674478,85.5480745509,-9.60,-10.4872013567,-0.88720135675,0.88720135675,-15.8062964124,-6.2062964124,6.2062964124,-31.9940248523,16.1877284404,-33.780807161,-142.932494542,109.151687381,1.7884858039,112.726536486,-3.5748491049,2.0565598345,-106.450284339,-38.5387700378,-69.049860681,30.5110906441,0.2151143365,0.4021270958,1.8017330231,-0.7406258315,0.3782112119,yes,no
host3--guest9,67.1412729122,-50.9371674478,134.579000615,-8.99,-11.1814651994,-2.19146519935,2.19146519935,-16.500560255,-7.510560255,7.510560255,-31.9318154358,15.4312551807,-33.722414224,-140.178279237,106.455865013,1.7884858035,110.322298472,-3.8664334592,1.903074588,-104.629335199,-37.4520186252,-63.2215231978,25.7695045731,0.1551026197,0.2093738846,1.6733909805,-0.4285191602,0.2937262641,yes,no
