run, type, Ident, FE, AvgE, S, U, W, HO_PE, PB, SA, Valence, Coulomb, VdW, VdW6, VdW12, Bond, Angle, Pdihed, Idihed, Tether, RunTime, WallTime, Converged, Crashed
feprocess,complex,host2--guest8,26.9709121052,-202.502309926,229.473222031,-191.904346464,-155.469198178,144.867350102,-161.941519978,6.4723218003,219.682703724,-331.983902358,-79.60314783,-230.53577829,150.93263046,1.6766315649,146.026556517,63.2629995562,4.7829917397,3.9335243457,324.07,324.24,yes,no
feprocess,complex,host2--guest9,71.5728082025,-177.474914478,249.047722681,-192.165765992,-140.90711275,155.598264925,-147.533711968,6.6265992178,220.640775261,-325.658009163,-87.1485320904,-252.437271675,165.288739584,2.275894667,145.325681022,64.2895433416,4.9574231838,3.7922330464,409.46,409.69,yes,no
feprocess,complex,host3--guest8,18.8046106907,-234.866134425,253.670745116,-229.447411629,-166.378245405,160.963722336,-173.409429348,7.0311839437,247.374868046,-389.437363516,-87.3849161589,-250.844302448,163.459386289,1.7583135644,159.512271808,77.9558473424,7.3486975321,0.7997377996,426.01,426.58,yes,no
feprocess,complex,host3--guest9,67.1412729122,-204.923474602,272.064747514,-221.707764156,-154.910347619,171.694637158,-162.205706682,7.2953590633,247.469205602,-382.415978737,-86.7609910205,-255.703124801,168.94213378,2.3684523536,158.843190485,77.8801281496,7.6621817619,0.7152528518,606.69,607.41,yes,no
