run, type, Ident, FE, AvgE, S, U, W, HO_PE, PB, SA, Valence, Coulomb, VdW, VdW6, VdW12, Bond, Angle, Pdihed, Idihed, Tether, RunTime, WallTime, Converged, Crashed
feprocess,host,host2,-50.2369156515,-221.017363179,170.780447527,-212.227632783,-119.676476635,110.886119831,-126.066699239,6.3902226038,188.546907036,-354.738394038,-46.036145781,-146.65932637,100.623180589,0.2740389606,121.632038016,61.1158590075,5.0824626918,0.4425083595,2.53,2.55,yes,no
feprocess,host,host3,-50.9371674478,-246.783396321,195.846228873,-238.485694533,-135.280018683,126.982492065,-142.664910174,7.3848914916,220.45771445,-409.96003034,-48.983378643,-164.830067638,115.846688994,0.2997899474,135.516044631,76.1312367081,8.089116575,0.4215265877,3.31,3.35,yes,no
