run, type, Ident, FE, AvgE, S, U, W, HO_PE, PB, SA, Valence, Coulomb, VdW, VdW6, VdW12, Bond, Angle, Pdihed, Idihed, Tether, RunTime, WallTime, Converged, Crashed
feprocess,ligand,OA-G0,-19.4216594018,-36.6707002361,17.2490408343,10.1784855808,-62.944003554,16.0963722336,-65.0132428324,2.0692392784,19.9652302589,-10.0418983634,0.2551536852,-7.2300059974,7.4851596826,0.0811479032,6.6057213028,13.2776222408,0.000738812,0.0,8.63,8.79,yes,no
feprocess,ligand,OA-G1,-29.8582488982,-39.7687003129,9.9104514147,9.4734151967,-62.6557657641,13.413643528,-64.70660511,2.0508393458,2.7088227316,5.9536182296,0.8109742355,-4.7715028463,5.5824770817,0.0690275793,2.6117900149,0.0279597521,4.53852e-05,0.0,5.26,5.48,yes,no
feprocess,ligand,OA-G2,24.2472610999,-0.8657005807,25.1129616806,36.8296916724,-58.2634722453,20.5675867429,-60.7134002603,2.449928015,15.2572819872,17.4719764658,4.1004332195,-12.3741207539,16.4745539733,0.5930074481,3.2474676844,11.4151903625,0.0016164922,0.0,12.64,12.75,yes,no
feprocess,ligand,OA-G3,-31.9901278317,-40.8206411073,8.8305132756,7.868482234,-62.1027111558,13.413643528,-64.1403383564,2.0376272006,8.4954281285,-1.2011288526,0.5741829581,-5.1454459096,5.7196288677,0.0948598489,2.4499490698,5.9498454803,0.0007737295,0.0,8.33,8.48,yes,no
feprocess,ligand,OA-G4,-3.6570957027,-32.3174424552,28.6603467525,1.7359280767,-58.1968853757,24.1445583504,-60.8855942044,2.6887088288,22.4816309821,-22.6506011361,1.9048982307,-13.6183290075,15.5232272382,0.2797826545,3.671964438,18.5280610875,0.001822802,0.0,23.76,23.91,yes,no
feprocess,ligand,OA-G5,-8.5317292134,-18.1701998332,9.6384706198,31.6326527543,-63.2146896137,13.413643528,-65.2038229543,1.9891333405,7.4976692622,23.3561495094,0.7788339827,-6.4638847818,7.2427187644,0.269732047,2.7234983494,4.5025765395,0.0018623262,0.0,6.18,6.29,yes,no
feprocess,ligand,OA-G6,-36.1549308145,-50.9766742385,14.821743424,-3.4007974812,-62.7755794064,15.2021293317,-64.8372536,2.0616741937,7.4557729832,-12.0541407171,1.1975702527,-6.9225877991,8.1201580518,0.1423537226,2.7488896817,4.5639047861,0.0006247927,0.0,7.18,7.35,yes,no
feprocess,ligand,OA-G7,15.1631286285,0.2267449002,14.9363837283,46.2935492455,-62.1627023403,16.0963722336,-64.2417363904,2.0790340501,7.3810224061,36.5195907669,2.3929360725,-10.457320174,12.8502562464,0.9159677662,3.5737914127,2.8855358795,0.0057273477,0.0,7.7,7.87,yes,no
