run, type, Ident, FE, AvgE, S, U, W, HO_PE, PB, SA, Valence, Coulomb, VdW, VdW6, VdW12, Bond, Angle, Pdihed, Idihed, Tether, RunTime, WallTime, Converged, Crashed
feprocess,host,a-cyclodex,525.820673677,367.54451741,158.276156267,292.682587658,-36.0241231575,110.886119831,-42.3565286274,6.3324054699,144.691258098,153.345858247,-5.3545286871,-136.085264774,130.730736087,4.5622995132,10.42937698,129.699581604,0.0,0.0,3.15,3.17,yes,no
feprocess,host,b-cyclodex,610.90508958,426.387998742,184.517090838,339.153128113,-42.4302841334,129.66522077,-49.778971063,7.3486869295,166.182768295,182.151582491,-9.181222673,-154.798217189,145.616994516,4.834870603,8.7858677709,152.562029921,0.0,0.0,4.01,4.04,yes,no
feprocess,host,g-cyclodex,702.101084903,490.118231113,211.98285379,398.540653199,-56.8666721203,148.44432171,-65.3428835111,8.4762113908,189.924558835,217.689217688,-9.0731233239,-178.063709746,168.990586422,5.7519931054,9.688980769,174.48358496,0.0,0.0,5.45,5.47,yes,no
