run, type, Ident, FE, AvgE, S, U, W, HO_PE, PB, SA, Valence, Coulomb, VdW, VdW6, VdW12, Bond, Angle, Pdihed, Idihed, Tether, RunTime, WallTime, Converged, Crashed
feprocess,ligand,benzene,21.8794786675,13.6022768505,8.277201817,4.9218451686,-0.2620010022,8.9424290186,-1.938936338,1.6769353358,0.1307321487,1.6477066039,3.143406416,-2.4423519021,5.5857583182,0.1281417151,0.0025829346,7.604e-07,6.7387e-06,0.0,0.68,0.89,yes,no
feprocess,ligand,flurbiprofen-ion,31.3178784763,4.8687860868,26.4490923894,35.2232581272,-55.3933743099,25.0388012522,-58.4408619402,3.0474876303,8.8354166034,19.2436777013,7.1441638225,-16.1239208106,23.268084633,0.7210803298,3.1001422161,5.0078975269,0.0062965306,0.0,6.46,6.63,yes,no
feprocess,ligand,nabumetone,39.457505192,6.8179525493,32.6395526427,-14.3744722733,-6.5290996204,27.7215299578,-9.6179558255,3.0888562051,5.6147543308,-26.4666934387,6.4774668346,-15.387449329,21.8649161635,0.4707243205,1.2791223448,3.8625876501,0.0023200153,0.0,28.19,28.43,yes,no
feprocess,ligand,naproxen-ion,19.7615262642,-7.8125524212,27.5740786855,26.1819935163,-59.0313118106,25.0388012522,-61.9645398581,2.9332280475,6.0613807193,13.1412492163,6.9793635807,-15.8341645093,22.8135280901,0.6412530406,3.6428879882,1.7763813488,0.0008583416,0.0,11.93,12.15,yes,no
feprocess,ligand,resorcinol,-7.5986641713,-13.8796868899,6.2810227186,-17.1119889497,-7.4986056122,10.7309148224,-9.2819259067,1.7833202945,0.1599077594,-20.2580015341,2.986104825,-3.7955511226,6.7816559476,0.1410976032,0.0188026415,7.996e-07,6.7151e-06,0.0,3.15,3.31,yes,no
