run, type, Ident, FE, AvgE, S, U, W, HO_PE, PB, SA, Valence, Coulomb, VdW, VdW6, VdW12, Bond, Angle, Pdihed, Idihed, Tether, RunTime, WallTime, Converged, Crashed
feprocess,host,CBClip,-23.1761583375,-188.148320108,164.97216177,130.519795956,-440.28560057,121.617034654,-448.245917848,7.9603172775,100.882373598,38.9820805802,-9.3446582217,-148.970508152,139.62584993,4.1217545738,54.2786305433,42.2262460048,0.2557424759,0.0,6.56,6.58,yes,no
